0;needs help finding my order
0;I have ordered things and it has not been achieved
0;I do not know when I will receive my order
0;Starting to get a little irritated, my order would be here but have not come
0;It's been 10 days and I haven't received the goods yet?
0;It says that I will have a tracking link but it has come, when will it?
0;A small problem. I need a tracking link?
0;Is it possible to get delivery before 22/12
0;has not received any message via sms!
0;Do you have info about my order?
0;Do you have any tracking number for my order?
0;Have you sent my order
0;hi i need to know where my order is
0;Hi I have a question for you. Where's my order?
0;Hi, I have not received any notice that my order has arrived
0;Hi, I'm sitting here thinking about when my order comes
0;hi I would like to see how far my order has come
0;Hi can you help me with my question. I need a tracking link?
0;Hi you can show where my order is
0;Hi when will my order come?
0;cannot find my order
0;How's my order?
0;How to do with tracking link
0;how do I find my order
0;how do I find my order
0;How can I get a tracking link to my order
0;How is the delivery time?
0;How is the delivery time?
0;What does my package look like?
0;how do I know when the item comes
0;I did not receive my package?
0;I have ordered 3 posters and wonder where they are?
0;I have ordered posters, where are they?
0;I have posted 3 posters and wonder where they are
0;I have not received what I ordered
0;I have not received my things
0;I have not received any delivery confirmation, where is my package?
0;I have not received the order
0;I cannot find delivery details on this order. Can you see if it was sent?
0;I placed an order and wondered where it is
0;I miss my delivery, where is it?
0;I would need to know where my order is
0;I wonder when my order is expected to be delivered to me?
0;I wonder if you can see where their order is?
0;I wonder if my order is on?
0;I wonder if my order can arrive before Christmas?
0;I want to track a broadcast
0;I want to track my orders, how do I do?
0;I want to know where my order is
0;Can you help me see where my goods are?
0;Can't you take a look where my order is
0;Can you see if my order is up and running?
0;Can you send a tracking link for my order
0;looking for my order
0;When will I receive delivery?
0;When will my order come?
0;When will my ordered goods come?
0;when my stuff comes
0;When will my products come?
0;When does my delivery take place?
0;So I have a questionI need a tracking link?
0;Just thought about how long it takes before I get the delivery from you?
0;thought to see if the delivery is delayed when I have not been notified that it has been sent
0;Still thought of checking out when you think my order 1812763 goes away.
0;Wondering when delivery takes place on order 1827379?
0;Wondering about when I get my posters?
0;Wondering where my order went?
0;What happened to my order?
0;What is the status of my order?
0;where the fan is my order
0;Where did I order taken?
0;Where did I order taken?
0;Where did I order taken?
0;Where do my goods keep house?
0;where can I find my order
0;where is my actual order?
0;Where is my order?
0;Where is my product?
0;Why does it take so long to get my package?
0;the goods I ordered have not arrived
0;where is my product?
0;where is the product?
0;Do you know when an order comes
1;A little question to you. I have regretted my order
1;Hi I need help removing an order
1;Hi I have a question for you. I have regretted my order
1;Hi you can help me with my question. I have regretted my order
1;Hi my order needs to be removed
1;Hi, I've made an order recently that I want to cancel
1;Hi, I don't want my order anymore
1;How to cancel an order?
1;How to cancel a recent order?
1;I need to cancel my order
1;I need to cancel my purchase
1;I ordered 3 days ago and have now got a mess that the package is available for download, but I can not afford to pick it out, does it go back to you if I do not pick it up? How do I get my money back then?
1;I ordered four posters last night, but I don't want them anymore Can you cancel my order?
1;I made an order three days ago and wonder if it is possible to remove it or if it is too late?
1;I just did an order I want to regret
1;I have placed an order that I would like to cancel
1;I've changed my mind
1;I regret
1;I have regretted my order can you remove it and cancel my invoice?
1;I want to cancel this order
1;I want to cancel my purchases
1;I want to cancel the order number 123456
1;I want to cancel my purchase?
1;I don't want this item
1;I do not want to hate what I ordered, how do I cancel
1;I want to cancel my order
1;I want to stop my order before it is sent
1;I regret my purchase at desenio and do not want to get the poster home
1;I regret my purchase at desenio and do not want to get the poster home
1;I can get help removing an order
1;Can I undo my purchase?
1;Can you cancel my purchase?
1;Can you stop this order and send me a confirmation of the cancellation
1;Can you stop this order and send me a confirmation of the cancellation
1;Can you stop the order?
1;Leave an order earlier today that I regret.
1;would like to cancel this order before it can be sent.
1;Remove m in order
1;Is it too late to delete an order?
2;change my order
2;A small problem. I want to change my order
2;Is there a possibility that you can change the order before it is sent away?
2;Is it possible to get the delivery to another representative
2;Can it change the order?
2;Hi I have a question for you. I want to change my order
2;Hi you can help me change my order
2;Hi, I just ordered several posters, but want to change one of the pictures
2;How can you help me change my order
2;How to proceed to change my order
2;I need to change my order
2;I need to change my order
2;I need to change my order, can you help me?
2;I ordered the wrong items, can you call me and help me change?
2;I ordered the wrong things, how do I do
2;I ordered the wrong size of the frame for my records, can you change it to fit the item I ordered at the same time?
2;I ordered three posters but just want two
2;I ordered a blue poster order no xxxxx mine wanted to have the green version. Can you change before sending?
2;I just made the order below but took the wrong color on the frames. Can you change to gold on all 3 frames for me?
2;I just made the order below but took the wrong color on the frames. Can you change to gold on all 3 frames for me?
2;I have two posters that I would like to switch to two other posters.
2;I have changed myself
2;I happened to order the wrong dimensions for the picture frames in my last order.
2;I happened to order the wrong frame, it would be gold and not black
2;I would like to change a record if there is a possibility, Is this possible and can I keep the discount? ??
2;I want to change one of my items to another
2;I want to change one item against another
2;I want to change one item against another
2;I want to change the color of the frame I ordered from a white to gold colored frame
2;I want to change my records against another. Is it going well?
2;I want to change my frame against another
2; I want to change my gadgets
2;I want one to the same items that I ordered in the same order please
2;I want the size smaller on my posters
2;I want to add a poster to my purchase
2;I want to change my order
2;I want to change my order
2;I want to change my order, help me
2;I want to change my item to a larger item
2;Can I adjust my order afterwards?
2;Can you change your order?
2;Can you change my order
2;My order needs to be changed, how do I do
2;If my order has not been sent, can you wait to send it?
2;Looking at my order confirmation that I happened to order 2;can you remove one?
2;Should I be able to change the size of this?
2;So I have a question I want to change my order
3;Ordered my order on Sunday and have not received any order confirmation yet?
3;Do you not receive a receipt that you have ordered?
3;There has been no confirmation
3;A little question to you. I have not received any order confirmation
3;Never received any confirmation of the purchase
3;Has not received any confirmation of my order?
3;Has my order gone through?
3;Has my purchase gone through?
3;Have you received my order?
3;Hi I have a question for you. I have not received any order confirmation
3;Hey, there is nowhere that the order went through how do I know it worked?
3;Hi, I do not think I have received any confirmation of my order
3;Hello, I made an order a while ago, but have not received the purchase confirmed.
3;Hello, I haven't received an order confirmation for my order?
3;How do I get a confirmation of my order
3;How long does it take before you get any confirmation of their purchase?
3;no mail received
3;did not hear anything from you
3;I ordered 3 posters the previous day, should I not receive a confirmation, it saw in the instruction that you get
3;I ordered more products from you recently, but have not been confirmed
3;I still haven't received any confirmation of my order?
3;I still have not received an order confirmation by email
3;I have not received confirmation of my order
3;I have not received confirmation of mine
3;I have not received any information about my order
3;I have not received any order confirmation
3;I have not been told anything about my order
3;I entered the wrong email address, have I received any order confirmation?
3;Please send a confirmation again
3;Can you send my confirmation?
3;Can not send me an order confirmation
3;Leave an order with you on Sunday 25/11;but have not received any order confirmation
3;Leave an order with you on Sunday 25/11;but have not received any order confirmation
3;you have not returned
3;when I receive order confirmation
3;The problem is only that I have not received an order number, I never received any order confirmation
3;Did I write the wrong mail or why do I not get an order confirmation?
3;So I have a question I have not received an order confirmation
3;What do I do if I have not received an order confirmation.
3;Where is my order confirmation
3;Why have I not received an order confirmation?
3;Why doesn't it come up with an email that says what I have ordered?
4;There was an incorrect address in my order
4;It was wrong postal code in my order
4;Wrong name appears in the confirmation
4;A small problem. I've written the wrong address
4;Fan too, wrote the wrong address
4;Wrong address on my order
4;Change the address, because I have been typing errors in my order.
4;Hi Aiva, I now realized that I entered the wrong address in my order
4;Hi I need to change my address
4;Hi I have a question for you. I've written the wrong address
4;Hi I happened to write the wrong address, you can change
4;Hi you can help me with my question. I've written the wrong address
4;Hi you can help me change my address
4;hi my address was wrong for my order
4;Hi, I insist that I entered the wrong street number in my order, you can change to the right.
4;Hejsan iva, I made an order a few days ago and then entered my old address, can you help me change it?
4;Help, I happened to write the wrong address
4;How to proceed to change my address
4;How to change address
4;How to change shipping address?
4;I need help changing my address
4;I just made an order, but saw that I entered the wrong address
4;I forgot that I moved
4;I have moved
4;I have made an order, but see that it is my old address, how do I?
4;I have you address
4;I have written the wrong address
4;I realized that I left the wrong delivery address, can I change?
4;I happened to enter the wrong address
4;I happened to enter the wrong email address in my order
4;I see that the wrong postal code has been entered in my order
4;I entered the wrong telephone number for notification
4;I think I ordered the wrong address, how can I check it?
4;I discovered that my order is the wrong address
4;I want to change the address
4;my address was wrong, how do I change
4;My order has been sent to the wrong mail
4;My order has been sent to the wrong mail
4;You have received the wrong mail
4;When I ordered I happened to enter the wrong address
4;So I have a question? I've written the wrong address
4;Wait, I saw that I happened to enter the wrong mobile number, does it change?
4;Unfortunately, my order has been sent back to you as my phone number was incorrect and I therefore did not receive a pin code for pickup.
5;I could not pick up my package and therefore do not want to pay SEK 180 because I did not pick up the package
5;This has been posted to the wrong representative
5;It says it takes 4 days to deliver and now it has been 4 days and no package. Why?
5;Wrong name on the package, so can not retrieve my package
5;DHL does not find the recipient's address and the recipient does not respond
5;A small problem. I have problems with the delivery
5;Hi I have a question for you. I have problems with the delivery
5;Hi, can you help me with my question. I have problems with the delivery
5;hi, in my mail I got when I ordered it says it takes about 5 days. Now it has gone 7 and no package, can n in check what happened?
5;Hello, I went in to check where my package was, and dedt said it was delivered, but that is not the case
5;I ahr got a pickup point that is far from where I live
5;I am ahr problem with my delivery
5;I live in Kil and always get my delivery to ICA here in Kil. Now I have received my delivery to a shop at Hammrö in Karlstad. It's 3 miles there.
5;I received sms that the package arrived but the package was not at all with my agent
5;I made an order, but now saw that my package should already have been delivered
5;I never pick up the package and now the mail has sent it back, what to do?
5;I did not pick up the package before it was sent back, can you send it again?
5;I have received confirmation that my package is coming, but it is not, what should I do?
5;I have been reminded to retrieve my package, but there is nothing to retrieve at the pickup point
5;I have received my delivery delivered to Kungsholmen, but I live in English
5;I was in the mail today, the order is not in place
5;Can you send the delivery again?
5;Bought a poster from you that I unfortunately did not have time to pick up due to a lot of jobs and business trips. So the package went back.
5;the delivery seems to have ended up in Borlänge and not further out to Sundborn !!
5;the delivery is not on, why
5;My delivery is stuck somewhere
5;My delivery seems to be completely wrong
5;My delivery is not on G to me
5;My order does not appear to come forward you can resend
5;My package has ended up at a delivery point far away, how do I do now?
5;My package has been sent back
5;My package has not come?
5;My postal agent has lost my package
5;the post has lost my order, you can send a new one
5;the item has lost my goods
5;So I have a questionI have problems with the delivery
5;Why haven't I received a delivery notification yet?
5;Where is my delivery?
5;Seems like something has gone wrong with the delivery
5;Our package from you has been dropped from DHL
6;the poster I bought was reddish in the edge, it does not look like the picture on your website
6;Asks to advertise a damaged frame
6;The image is not in the middle of the board
6;the image is a little snow
6;Both boards have cracks in themselves
6;One frame I got is broken in one corner
6;The big frame has got a thorn on the way and the plexiglass has broken, can it get compensation?
6;There was a crack in the glass on my picture frame
6;There have been folds on my pictures
6;It looks like ink ink that is in the frame of the picture.
6;There was a crack in the glass on my frame
6;It is a crack along the entire long side of the frame
6;there is something strange about my product
6;there is damage to my package
6;After retrieving my package, I immediately saw that the package got stuck
6;One of the frames in my order was broken when I opened the box
6;One of the frames was broken when I received the delivery.
6;One of the frames plexi was broken in one corner, how do I do?
6;A little question to you. I have got defective goods
6;A little question to you. My delivery is damaged
6;Your carrier has destroyed my goods, I want new ones
6;A small problem. My delivery is damaged
6;got my package today, got a little less happy when I opened and saw that the package was mashed,
6;got my package today, got a little less happy when I opened and saw that the package was mashed,
6;the shipping company has destroyed my goods
6;The colors are faded
6;The glass in my frame is cracked
6;The glass in the frame has a large scratch
6;The glass was cracked on one board
6;The glass is broken, how do I do?
6;Hi AIVA, I am very disappointed with the delivery of your products, my package completely destroyed.
6;Hi I got my delivery now and it looks damaged
6;Hi I have a question for you. My delivery is damaged
6;Hi, can you help me with my question. My delivery is damaged
6;Hello delivery came now and it looks damaged
6;hi my package has got water damage
6;hi my package is pretty flattened
6;hi my package is damaged
6;hi package is fully understood
6;Hejsan, it has gone wild on the journey, because my products are completely destroyed.
6;Hejsan, when I picked up my package, it was completely destroyed and it has got a big deal during the transport.
6;Hello, ill dissatisfied with my posters' targeted poor quality.
6;The whole picture is pleated, what do I do?
6;How difficult can it be to deliver a whole package, this is the second time my goods have been destroyed during the trip
6;Just downloaded my package and all pictures were unfortunately destroyed
6;In our order with you we got with a damaged plastic disc, the disc belonging to the frame thus.
6;I got defective goods
6;I got my order home and when I opened I realized it was broken
6;I got my records home and there are folds on the whole picture
6;I got home my posters and they are completely ugly, want new ones
6;I've got a poster with a dot on that shouldn't be there
6;I picked up my order today, but unfortunately it turned out that it was scrubbed by the mail
6;I picked up my order today, but unfortunately it turned out that it was scrubbed by the mail
6;I bought posters from you that were delivered in a wrapped package that resulted in all three posters having visible ugly folds.
6;I would like to advertise my package. Packages were important when I got it, just like the pictures.
6;I would like to advertise my package. Packages were important when I got it, just like the pictures.
6;I want to advertise a frame I bought from you. When I screwed it together, the screw went off.
6;the carton had broken down and one of the posters is lumpy I want a new one
6;My order is broken
6;My one item was broken
6;My order was unfortunately damaged in transport and thus the posters are damaged. How do I do now?
6;My order is defective
6;My records are discolored
6;My records are broken
6;My goods were damaged, what should I do?
6;My goods are broken, what do I do?
6;My posters have become a little depressed and that they also got folds on themselves
6;My posters have become a little depressed and that they also got folds on themselves
6;My posters have become a little depressed and that they also got folds on themselves
6;My bait was completely mashed when I got it and also when the goods inside
6;my package has damage
6;My package was edged on one side
6;My package is damaged, how do I do now?
6;Met by a package that is incredibly bulky
6;You have a strange transport company that handles your goods in this way
6;When I got my picture frame home, the glass was cracked.
6;When I got home my goods there was a crack in the glasses
6;When I downloaded my package, it was broken.
6;When I downloaded my package, it was broken.
6;When I opened the plastic packaging in which the tube lay, I see that the tube is flattened.
6;When I opened the plastic packaging in which the tube lay, I see that the tube is flattened.
6;Unpacked my frame and realized it was broken
6;The package I received from you was broken, how do we solve this?
6;The product looks a little strange in the colors
6;the gadgets are broken
6;At the latest order was one of the plexiglass disc broken (see picture
6;The frame I received is scratched / scratched in some places
6;The frame we ordered was broken, would like to have a new one
6;The frame we bought is completely snow and hangs out of the wall, I want to complain the product
6;the shit is broken
6;So I have a question I have received defective goods
6;So I have a questionMy delivery is damaged
6;Two of the records were destroyed when I got home
6;Unfortunately, it was destroyed when it arrived, I do not want to pay for it.
6;Unfortunately, one of the frames was broken in two corners
6;Unfortunately, I want to advertise my shipping damaged posters.
6;there was a great deal of damage to the cardboard and the posters.
6;The goods I received are completely broken
6;Is moderately satisfied with my order and both frames were defective
6;"The glass" is very scratched on a surface in the upper part.
7;Is there a possibility to book another delivery time?
7;Is it possible to change agents?
7;Hi, have you sent the package with Bring
7;Hi you have sent the package with Bring Or DHL or Postnord
7;Hi you have sent the package with DHL
7;Hi you have sent the package with DHL or Postnord
7;Hi, have you sent the package with Postnord or Schenker
7;Hi, have you sent the package with Schenker
7;Hi, have you sent the package with Schenker Or Bring
7;Hey, what agent did you send my order to?
7;How do I know where my parcel is sent to?
7;I want to change the delivery method
7;I want to choose the place of extradition, can you do it?
7;Will the package come to my usual kiosk for packages?
7;My package is handed out to a bad place, I want to change the delivery point
7;Is it in the mail you get when you order where the package comes to?
7;So I have a questionWhat representative does the package come to?
7;To which store will the package come to?
7;Where can I get my package?
7;Where is my order sent to, which agent?
7;Where is my pickup point?
7;What collection points are there for me?
7;Which postal agent do you send to?
8;A little question to you. I want to make a return
8;A small problem. I want to make a return
8;It may return my item
8;Hi I have a question for you. I want to make a return
8;Hi I have returned my paintings when I get the money back ???
8;Hi, can you help me with my question. I want to make a return
8;How does the return work
8;how is it going to return?
8;How can I return my item?
8;How do I retrieve my goods?
8;I need to return my goods
8;I need to return my item
8;I do not understand what patch I should use when sending back. Should I tape too?
8;I just got my order home, but don't want it at all
8;I try to make a return on two posters, but when I create the return, it says that there is no order with those data.
8;I have made a return on an order. How do I make the payment?
8;I have made a return but not received a return note
8;I have registered that I will make a return with you. However, there was no return label in the delivery.
8;I have opened the product can I still return it?
8;I am called and have order number 123456, I want to send back my goods
8;I want to make a return but need a return note
8;I want to make a return, but it is not possible to enter the order number
8;I want a return note on the post that I can paste
8;I want to return my records
8;I want to return my records
8;I want to send back my records
8;I want to send back my things
8;I want to send the poster back
8;Can I return my goods?
8;Can you help me with my return
8;My partner said no to the affischen so I have to return. What patch and I use then?
8;My frames are broken and I don't want them anymore
8;You sent me a duplicate, I need a return note
8;Should I send the return in the same box that I received the item in?
8;So I have a question I want to make a return
8;Tjena Aiva, my name is a and I want to leave back amina goods
8;Where do I return my goods?
8;which address should I return to
9;A little question to you. Tell us about return costs
9;A small problem. Tell us about return costs
9;Hi I have a question for you. Tell us about return costs
9;Hi, can you help me with my question. Tell us about return costs
9;Hejsan Aiva, what is the return cost to send back?
9;How high is the return cost
9;How long from sending back the goods until I get the money?
9;how much does it cost to return their goods
9;How much does the return cost?
9;I think it is wrong to send money back
9;I am not satisfied with my order and want to return my goods, what does it cost?
9;Can you get the return for free?
9;Can the return cost be different?
9;Does it cost extra to return?
9;does the return cost me?
9;Do I have to pay to return my item?
9;I have to pay for return
9;If I regret, it costs extra to send back =
9;Are you standing for the return?
9;So I have a questionReport on return costs
9;Take out some cost on returns
9;What does it cost to send back my posters?
9;What does it cost to return his item
9;What does it cost to send back
9; What is the return cost?
9;Why does it cost to send back?
9;What is the cost of returning an item
9; What amount must I pay for the return
10;In addition, I've got someone else's paintings (who live in Germany?)
10;A little question to you. I got the wrong product
10;A small problem. I got the wrong product
10;Wrong records and delivery note in my package
10;Wrong product has come home to me
10;got the wrong things
10;Have a frame instead of a record, what is this?
10; Have got the wrong things home
10;Hi I have a question for you. I got the wrong product
10;Hello, I ordered a black frame, but really want a white, can you help me?
10;hejsan, when I opened my package I realized that it is not at all what I ordered
10;Hello, what do I miss if I had some problems?
10;Picked up my order and got the wrong goods
10;In my delivery there were wrong products
10;I ordered picture with beach but got mountain
10;I ordered one item, but got another one
10;I ordered a white frame, but got a black frame
10;I ordered silver and got copper
10;I've got other posters than the ones I ordered
10;I've got the wrong product, what do I do?
10;I have been wrong
10;I have been wrong to be home to me
10;I have received someone else's products
10;I do not have the order confirmation left but I am sure I got the wrong poster, how do I change?
10;I now look at my confirmation that it is true, but not what I received in my order.
10;I would like to have the poster that I ordered and which is on the picture below.
10;I'm sure I got the poster I ordered. Can I take it back and get me a new one?
10;You have sent wrong, have you no order?
10;Now I have got the wrong entries again. This is the second time it has happened when I ordered from you.
10;The product looks like the one I ordered
10;On the bag is my name but it is wrong posters in.
10;Sick dissatisfaction with not having received what I ordered, how difficult can it be?
10;So I have a question I have received the wrong product
11;Ordered two items, but only got one
11;Ordered two items, but only got one
11;There is a record in my delivery
11;There is a record in my delivery
11;There are no entries in my package
11;There is no item in my order
11;There are no products in my delivery
11; one of my products was included but one was missing,
11;A little question to you. My product is missing
11;Got my package yesterday, but the personal poster was missing
11;got the package today and there was a frame missing.
11;Hello, I'm disappointed, because I haven't got everything I ordered
11;Hi I have a question for you. My product is missing
11;Hey, can you help me with my question. My product is missing
11;Hello, I unpacked my cart and realized that I didn't get all the things I ebbetat
11;Hey, yeah, I haven't got all my stuff, where are they?
11;I ordered 3 posters but only 2 came
11;I ordered 3 posters but only 2 came
11;I ordered 3 affsicher and one would be framed, now there came two framed only
11;I ordered 3 frames and 3 porsters, but when I downloaded my package, the frames were not
11;I ordered 5 but only got 4
11;I ordered 5 frames, but only got 2
11;I ordered two posters, but only got one
11;I ordered x pieces and have only received y pieces, where is the rest?
11;I ordered x pieces and have only received y pieces, where is the rest?
11;I only got one frame but no poster
11;I did not get everything I ordered
11;I did not get all my goods
11;I have only received some of all the posters I ordered.
11;I have received my delivery, but unfortunately you have missed an item
11;I have received my delivery, but unfortunately you have missed an item
11;I have not received all my paintings
11;I have not received my entire delivery
11;I have not received my entire delivery
11;My order is not complete
11;My posters are missing in my package
11; You forgot to put in the gold frame that I ordered
11;Just opens the package and sees that the big picture is missing
12;need to order over 600 SEK to get a discount of 35%, can i add an order?
12;ordered posters with you during the day. Today we received an email stating that they are 30% discount when we ordered
12;It was said that the item I bought would be discounted, but the price is not correct, it is not
12;A little question to you. Which campaigns are running
12;Is there any chance I can get a purchase with cyber monday rates?
12;Do you have any promotions now?
12;Do you have any discounts?
12;Hi I have a question for you. Which campaigns are running
12;I made an order, but now see that you have campaign open the same year, I can get it too.
12;I made an order with you, and both boards would be 35% discount. But when I now got the invoice, they have come to the regular price
12;When I looked at your page 181128 at 8.30 it says that 30% at 17.00 there is no campaign anymore. Why?
12;When I examine this, I see that this campaign is no longer valid.
12;So I have a question Which campaigns are running
12;See that you had 30% but I have already ordered
13;received a discount code of 20% but it cannot be used.
13;Ordered a poster yesterday at 35% and the discount would be cashed out, now noted that it did not happen without me paying full price for the poster.
13;A little question to you. How does discount codes work?
13;A small problem. How does discount codes work?
13;Do you have any discount codes right now?
13;Do you have any discount codes right now?
13;Hi I have a question for you. How does discount codes work?
13;Hi, can you help me with my question. How does discount codes work?
13; How do I get a discount code?
13;I used a discount code but didn't get ripped off on all my products why?
13;I made an order and used discount code xxx and now want to add an item, can I get the same discount code now too?
13;I made my order, but the discount code could not be printed
13;I forgot to enter my discount code when ordering, hope it goes well afterwards,
13;I also forgot to enter my personal code for a 20% discount
13;I just ordered, but forgot to enter the discount, can I add it afterwards?
13;I could not use my discount code
13;I was too quick to click to forget adding the code to 25 for discount.
13;I want to make a big order and would like to have a discount code for it, if you help me?
13;Can you give me a code that I can enter so it will be cheaper
13;you will have black friday discounts this year
13;But today I see a 25% discount code on Instagram.
13;My discount code does not work
13;If you would like to give me a 25% discount on my order, it would have been appreciated so much.
13;So I have a questionHow does discount codes work?
13;why do I not get a discount code
13;Why can't I add discount codes?
14;A little question to you. I want to sign up for newsletters
14;A small problem. I want to sign up for newsletters
14;Do you have any customer club or something?
14;Hey, can you help me with my question. I want to sign up for newsletters
14;Hello, I would like to sign up for newsletters
14;I would like to receive newsletters from you that I can follow
14;I would like to have information about you about what is happening and so on
14; I love your posters, where do you tell when it comes to news?
14;Can anyone quickly find out all your offers?
14;Can you write me up on your newsletters?
15;A little question to you. I want to deregister for newsletters
15;Hi I have a question for you. I want to deregister for newsletters
15;Hi, can you help me with my question. I want to deregister for newsletters
15;I get a lot of notices from you, you can remove it
15;I get many newsletters from you, I don't want it
15;I no longer want to receive email from you
15;I no longer want your newsletters
15;I want to remove notes from you
15;Can you deregister me for newsletters please
15;Can you deregister from you
15;Stop sending escorts to my email
15;So I have a question I want to unsubscribe for newsletters
15;Tired of all your emails, can you stop sending?
16;Two draws have been made on my card
16;A little question to you. How does card payment work?
16;A small problem. How does card payment work?
16;Does it Use Credit Cards?
16;Is it possible to pay with both visa and mastercard?
16;Hi I have a question for you. How does card payment work?
16;Hi, can you help me with my question. How does card payment work?
16;Hejsan AIVA, how to pay by card
16;I can't pay by card?
16;Can I trade with cards
16;Can you use any type of card?
16;So I have a questionHow does card payment work
16;Do not take American Express
16;Why can't you pay by card?
17;I have not received an invoice yet
17;I have lost my invoice, can you send a new one?
17;I have no invoice on several of my latest orders
17;Can I get this invoice for my email?
17;My invoice from you only loads, so I can't see it.
18;I have received an invoice I already paid
18;I have received a reminder I already paid
19;Hello, I've got an invoice for a product I haven't received, what do I do?
19;I received an invoice for an order I did not receive
19;I have received an invoice for something I did not buy?
19;My invoice does not match what I received.
19;See that on invoice 51 8123 0045 4737 8583 the wrong invoice address is stated.
20;A little question to you. How does invoice work
20;Is there an opportunity to pay by invoice?
20;Hello AIVA, you can help me with my invoice that cannot be paid
20;Has not received any confirmation that my order has been returned when my invoice disappears?
20;Hi I have a question for you. How does invoice work
20;Hi, can you help me with my question. How does invoice work
20;How long do you have billing time?
20;I have returned this order. How do I do with the invoice, due date is December 2?
20;I cannot pay my bill.
20;Can I take it on invoice
20;Can you get an invoice for their purchase?
20;So I have a questionHow does invoice work
21;payment?
21;A little question to you. How does partial payment work
21;A small problem. How does partial payment work
21;Is there a possibility to pay in part
21;It can split its payment
21;Hi I have a question for you. How does partial payment work
21; Hey, can you help me with my question. How does partial payment work
21;How little can you pay as a minimum for partial payments?
21;I have a question, I want to divide my display?
21;I have made a big order and would have to split my order, does it?
21;I want to pay as little as possible per month.
21;I want to split my payment
21;What are insta amounts that can be paid on installments?
21;What is the minimum amount that can be paid monthly?
22;A little question for you. How does gift card work
22;A small problem. How does gift card work
22;Trying to order a gift certificate of SEK 500;but nothing happens
22;Tried to add a gift card to the shopping bag, unfortunately, it does not
22;Can it give away gift cards?
22;Hey, can you help me with my question. How does gift card work
22;Hejsan AIVA how do I do if I want to order gift cards?
22;Hejsan Aiva, what amounts can you order a prescription card?
22;Hello, I would like to give away a gift voucher, can you help me?
22;How to order a gift card?
22;I want to order a gift card
22;One can give away a gift card with you
22;What amounts can you order gift cards?
22; What amounts can you get on gift cards?
23;A little question to you. Product missing in stock
23;Hi I have a question for you. Product missing in stock
23;Hey, can you help me with my question. Product missing in stock
23;How long does it take to get goods in stock?
23;I'm waiting for a specific item, when does it come in?
23;When this product comes in
23;When the board comes in
23;When do you think this item will come in?
24;Interested in working with you, where do I turn?
48;Tell Your Name to Me
48;Tell me how can you help me
48;Can you help me
48;What are you doing
48;What is your name?
48;What can you do?
48;What are your characteristics
48; What's your name?
48;which is your name?
50;Never
50;allo?
50;asshole26
50;end this chat
50;end the conversation
50;end the call
50;the bank has very bad cuts
50;frock coat
50;good day
50;good day for you!
50;chatbot is a stupid idea
50;ciao
50;ciao amigo
50;ciao banca
50;It does not help
50;It didn't help at all
50;this is the worst I have ever seen
50;this is a robbery
50;It wasn't the issue
50;It wasn't what I wanted
50;It was far from what I wanted
50;It is beyond useless
50;It's a bad answer
50;it's crazy!
50;It is not even far away useful
50;It's not even close
50;It is far from helpful
50;It is far from what I wanted
50;It's nice to see you
50;This must be a mistake
50;this is false statement
50;Your lack of understanding is impressive
50;your interest rate is too high
50;Your answers are puzzling
50;Your services are too slow, I don't want to wait that much
50;You should get viruses and die
50;You should get viruses and breakdowns
50;you make me change bank
50;You didn't understand
50;you make me confused
50;you make me sad
50;You make me sick
50;You make me want to kill myself
50;You made a mistake
50;You have no use
50;you have no use26
50;you work
50;you fucking wanker
50;you fucking
50;You have to improve
50;you ok buddy?
50;you are good
50;You are the worst shit ever
50;You are the worst worst
50;You are a disappointment
50;You are a stupid bot
50;You're an idiot
50;You're a fucking guy
50;you are a shit hole
50;you are average
50;you are horrible
50;You're idiot
50;you are not good
50;you are irrelevant
50;You're great fun
50;you are far from good
50;you are unusable
50;You are pure shit
50;you are so bad
50;You are such a bad credit card
50;you are sooo poor
50;You are below my expectations
50;you are worthless
50;stupid
50;stupid i have problems with invoices in internet bank
50;stupid machine
50;stupid robot
50;bad one
50;dead bottom die
50;another time
50;a chatbot must be more useful
50;Damn
50;fat ass
50;ffs you ass help!
50;fuck off fuckwit
50;fucking robot
50;sorry i can't
50;g'day
50;g'day buddy
50;g'day friend
50;wrong answer
50;good afternoon
50;good afternoon losing chatbot
50;good evening
50;good evening sir
50;good morning
50;good morning to you
50;good day
50;good day friend
50;god day buddy
50;Hey you
50;hello please have some help
50;Hi, please talk to you
50;Hey Hey hey
50;hello hi i'm in straw city
50;hi ho
50;Hello how are you?
50;hi i need to find something
50;hi i have to look for something
50;hi i want to know something
50;hello can you help me?
50;hi maybe you
50;hi man
50;hello and good evening to you
50;Hi and good morning
50;hello thanks to help me
50;hi thanks in advance for help
50;hi nice to meet you
50;hello nice to meet you at the netbank
50;hi what are you doing?
50;Hi, I hope you have a good afternoon
50;hello, please help with a problem
50;hello
50;Hello,
50;helloo
50;hi
50;HI,
50;Helping is not really your thing
50;Howdy
50;howdy cowboy
50;How is it going
50;how are you
50;how are you doing this good morning
50;how are you today
50;hurdy mate
50;just keep right
50;Just stay right
50;shut up
50;idiot
50;idiot what was my spending on
50;idiotic chat
50;no siree
50;not good
50;not this time
50;not a chance
50;not for a million years
50;not now
50;not on your nelly
50;not on your life
50;unlikely
50;yes
50;yes fine
50;yes this was negative
50;yes I can do that
50;yes i need help
50;yes I am
50;yes call me
50;yes please do it
50;I
50;I should probably ask someone else
50;I do not find your guidance very helpful
50;I like you
50;I don't like at all
50;I don't like your services
50;I don't like the answer
50;I do it
50;I don't
50;i had a bmw
50;I've got it
50;i have an iphone
50;i have an iphone phone
50;I have a mobile banking team
50;I have a bank account
50;I have no information about it
50;I have no idea
50;I hate your designers
50;My name is
50;My name is
50;I do not find your instructions very useful
50;I hope you can help me
50;I hope you die
50;I hope you are doing well
50;I can not
50;I can't understand your directions
50;I can't remember the top of my head
50;I can't find out what you are good at
50;I will never use it
50;I will go and apply for a bank account
50;I will not use this answer
50;I do not trust you
50;I would be very happy to have another try, because it wasn't what I needed
50;I would like you to redo the task
50;I think you made a mistake
50;I think you are sick in the head
50;I think a chatbot should do better
50;I think I better look up the information myself
50;I don't think you get what I need
50;I don't think we can use it any kind
50;I think your answers need to be improved
50;I really do not like you a
50;I know nothing about
50;I don't want to use your services anymore
50;I do not want to talk anymore
50;I do not want to talk about it
50;I want to get out of the conversation
50;I want to stop the conversation
50;I'm disappointed
50;I am a boy
50;I'm surprised at your lack of benefit
50;I'm not the best person to answer that
50;I'm not happy about your service
50;I'm not sure about this
50;I'm a little skeptical about the answer
50;I'm a little skeptical about what you suggest
50;I am
50;I'm not sure
50;I'm afraid I have no idea
50;I am skeptical of your answer
50;I'm skeptical of what you say
50;I'm so sorry about your performance
50;son of a bitch
50;fucking bastard die
50;fucking hell
50;fucking fucking man
50;fucking thief man sepa how to do it
50;You can try to formulate yourself differently
50;please try again
50;You can give another answer
50;can you help me?
50;You can please speed up the chat
50;You can be more accurate
50;I can do this
50;perhaps
50;fuck your wanker
50;cut off
50;does not come to the question
50;sorry to tell this but i would appreciate another answer
50;sorry to tell this but the answer is not relevant
50;sorry no you don't
50;sorry no you weren't
50;sorry, no
50;man you are useless
50;my name is
50;my name
50;very very bad
50;very negative
50;NaH
50;namaste
50;no you do not
50;no it differs from what i want
50;no it was not from what i expect
50;no it wasn't what i want
50;no that's wrong
50;No this is not the case
50;No it's not right
50;no that's not what i want
50;no you don't understand my question
50;no you have misunderstood what i want
50;no you misunderstand my question
50;no you are not correct
50;no sorry
50;no I do not think
50;no i want something else
50;no sorry i dont think it is correct
50;no please try again
50;no the answer is wrong
50;no, this is a bad answer
50;No
50;when will you be a good cure
50;when will you be able to answer my question
50;okay buddy
50;piss off
50;TRUE
50;true i want it
50;true i am 19
50;shitty bot
50;stop
50;stop the chat
50;hits me
50;Please shut up
50;stop the call
50;close your mouth
50;Close your mouth fucking cure
50;shut down this fucking chatbot
50;shut down this fucking chatbot i need help!
50;close up
50;the answer does not seem relevant to me
50;so bad cure
50;so bad
50;so what is buddy
50;Take the piss
50;nice to see you again, okay?
50;nice to meet you
50;thumbs down
50;Unfortunately not
50;uh-uh
50;Under no circumstances
50;stop this
50;sincerely no
50;Frankly, the answer is not correct
50;what the hell
50;what do you ask me about?
50;what heck
50;what happens
50;what happens?
50;what happens? latest transfer
50;what's wrong with you?
50;what is this
50;what is the shit you say
50;what is it that you say
50;what's up
50;what a great guy you are
50;what kind of ill bot are you?
50;Useless
50;Wanker
50;wtf
50;wtf is up with you?
50;yeahh
50;yo
50;oh for malfunction
50;I'm called
0;was r in compensation?
0;where is my orderR
0; Hey, where's my package? It was 3 weeks since ordering ....
0;Fix my order
0;how long does it take to get my package?
0;where is minm delivery?
0;want to track my order
0;Hejsan AIVA, where is my order ??
0;Tjenixen, can you track my order?
0;Where is my order
0;I ordered some things from you and wonder where they are
0; Where are my things
0;My order with order number 1234556 has not arrived, what are they for status?
0;My order has disappeared, where has it gone?
1;I don't want my order anymore
1;I regret, I want to send back
1; undo the product
1;Void
1;I don't want my order anymore
1;Hi, I have regretted my order. My order number is 2.
1;Can you help me remove my order?
1;Help me remove my order
1;I want to mackle my order
1;I want to cancel my order
1;I have canceled my order I can cancel it
1;I happened to push the purchase but didn't want the order how to do it?
1;I have found something else and want to cancel my purchase
1;Hi, I want to undo my order can I do them?
1;Are they able to undo their order?
1;My order was wrong what do I do?
2;change my order
2; Hey! I want to change the email address
2;Hi, I just placed an order and would like to add an item.
2;I want to change mail
2;I want to add a product to my order
2;My order puts on the wrong agent
2;I would like to change my order
2;Hi, I want my package to be another agent who is closer
2;Earn IAVA, I would like to change my order, can you help me?
2;Hallojsan, can you help me change my order?
2;Well, I entered the wrong frame, want another can ajg change now?
2;I would like to add something to my order does it?
2;I want to change my order
2;I want to adjust my order
2;It is possible to change my order
2;Hi, I would like to update my order
2;Hey, want to add more things to my order how do I do?
2;Can I update my order?
2;Can I change my order?
3;How long does it take before receiving order confirmation after ordering?
3;I have not received my order confirmation, you can send a new one
3;Hi, I do not have an order confirmation
3;Never got an order confirmation sea, can you send a new one?
4;I now saw that I entered the wrong phone number, how is my delivery then?
4;My tasks were probably wrong
5;Hello, I've got a pickup far from where I live, what do I do?
5;I can't pick up my package, because it's not there.
5;I have not received my goods
5;The liver came to my old address
5;I do not have the opportunity to be at home at the appointed time, you can come after XX.00
5;Hi, my product hasn't come yet even though they would come today?
6;When I opened the package, it was broken
6;I want to get a new product when the one I got was sons
6;Hey, they were a wallpaper that was broken when I unpacked the package
6;Hello, the package contained lots of broken goods I want new!
6;My product has expensive stains on it, I don't want it anymore.
6;Tjenixen, I am the ebsviken on my product since it does not look like picture at all.
6;I do not want my broken goods.
7; Where can I download my package?
7; What different delivery points do you have?
7;Do not check where to get my package?
8;Hello, I want to make a return on my goods
8;Wait, I have a vag that I want to return.
8;My order did not fit and I want to return
8;Return
8;How do I do if I want to return my goods
8;I want to return an item
8;Hi how do I return an item?
9;How much does it cost to return an item?
9;Wait, what does a return cost?
10;I have received the wrong product, not what I ordered
10;Have received a delivery with someone else's name on.
10;I have been wrong
11;I have not received my entire order
13;I would like to receive a discount code
13;My rabble does not work
16;My card does not work
16; takes ni Amex
17;I have not received my invoice you can send a new one
17;I have not received my invoice, you can send a new one
18;I happened to pay the invoice twice, you can pay back what I paid for a lot
18;Seeing that double amount has been deducted, you can pay back thank you
18;Got a reminder on the invoice though I already paid!
19;The amount does not match my invoice
19;I have received an invoice that is completely crazy
19;How can I get charged for x when I haven't ordered it
20;Can I pay by invoice
20;I wonder about my invoice
21;You can split your invoice
21;I can not afford this month to pay the invoice, I can split it
22;I want to order a gift card
23;I can't find this item in your warehouse
3;I want an order confirmation
4;I happened to write the wrong data
4;I entered my old address, can I update?
4;I happened to enter the wrong address
4;I want to send my goods to another address
5;Delivery Problems
6;Hi, I think your posters have poor quality
6;All my posters were broken when they arrived, what do I do now
6;Hello, the frames in my package have broken
6;You can see my order below. Was very disappointed when I unpacked the frame yesterday and discovered that the "glass" was broken in one edge (see picture below).
6;Complaint - Broken frame
6;I am dissatisfied with the quality of my records
8;Can you return my goods?
8;I want to send back
8;I want to return one item
8;How do I return my goods? 
8;I want to send back my order
8;Hi, I want to make a return
8;I want to send back my order
8;I regret, I want to send back
9;Shipping costs?
9;return cost
9; What does it cost to send back an item
9;What does a return mean?
9;Costs a return from Finland
9; what does it cost to return
11;Hi, I didn't get one of the posters I ordered
12;you have some camouflage
12;I want a discount
12;When the new campaign begins
12;Did you see that you have a sale right now, how do you get it?
13;Hi, I'll make a big order. Can you get a discount?
13;Do you have any discount that I can use?
13;I have ordered but forgot my discount code?
13;Want the 20% discount you get on signing up for the newsletter
13;Hi, I'll make a big order. Can you get a discount?
14;I want to register for newsletters
14; I want your email mailing
14;no I mean newsletter
15;JAg got mail today though I shouldn't have it, do you remove me from the list?
15; I want the newsletters
15;I do not want your newsletter anymore
15;Hi, I do not want newsletters from you
16;You can't pay on your side
20;Hello! Why can't I pay by invoice?
22;I want to order a gift card
22;I have a gift card, how do I use it?
22;my gift card does not work
22;Hi, how to buy a gift card?
22;Hey, can I see how much money I have left on my gift card?
22; How do I buy gift cards?
22;my gift card does not work
23;When are the gold frames coming back?
23;When does the product come back in stock?
23;When will black frames come in stock again?
24;Do you want a blog collaboration with me?